EMPLOYEE_ID,FIRST_NAME,LAST_NAME,EMAIL,PHONE_NUMBER,HIRE_DATE,JOB_ID,SALARY,COMMISSION_PCT,MANAGER_ID,DEPARTMENT_ID,NOTES
198,Donald,O'Connell,DOCONNEL,650.507.9833,21-JUN-07,SH_CLERK,2600, - ,124,50,"pending..."
199,Douglas,Grant,DGRANT,650.507.9844,13-JAN-08,SH_CLERK,2600, - ,124,50,"pending..."
200,Jennifer,Whalen,JWHALEN,515.123.4444,17-SEP-03,AD_ASST,4400, - ,101,10,"pending..."
201,Michael,Hartstein,MHARTSTE,515.123.5555,17-FEB-04,MK_MAN,13000, - ,100,20,"pending..."
202,Pat,Fay,PFAY,603.123.6666,17-AUG-05,MK_REP,6000, - ,201,20,"pending..."
203,Susan,Mavris,SMAVRIS,515.123.7777,07-JUN-02,HR_REP,6500, - ,101,40,"pending..."
204,Hermann,Baer,HBAER,515.123.8888,07-JUN-02,PR_REP,10000, - ,101,70,"pending..."
205,Shelley,Higgins,SHIGGINS,515.123.8080,07-JUN-02,AC_MGR,12008, - ,101,110,"pending..."
206,William,Gietz,WGIETZ,515.123.8181,07-JUN-02,AC_ACCOUNT,8300, - ,205,110,"pending..."
100,Steven,King,SKING,515.123.4567,17-JUN-03,AD_PRES,24000, - , - ,90,"pending..."
101,Neena,Kochhar,NKOCHHAR,515.123.4568,21-SEP-05,AD_VP,17000, - ,100,90,"pending..."
102,Lex,De Haan,LDEHAAN,515.123.4569,13-JAN-01,AD_VP,17000, - ,100,90,"pending..."
103,Alexander,Hunold,AHUNOLD,590.423.4567,03-JAN-06,IT_PROG,9000, - ,102,60,"pending..."
104,Bruce,Ernst,BERNST,590.423.4568,21-MAY-07,IT_PROG,6000, - ,103,60,"pending..."
105,David,Austin,DAUSTIN,590.423.4569,25-JUN-05,IT_PROG,4800, - ,103,60,"pending..."
106,Valli,Pataballa,VPATABAL,590.423.4560,05-FEB-06,IT_PROG,4800, - ,103,60,"pending..."
107,Diana,Lorentz,DLORENTZ,590.423.5567,07-FEB-07,IT_PROG,4200, - ,103,60,"pending..."
108,Nancy,Greenberg,NGREENBE,515.124.4569,17-AUG-02,FI_MGR,12008, - ,101,100,"pending..."
109,Daniel,Faviet,DFAVIET,515.124.4169,16-AUG-02,FI_ACCOUNT,9000, - ,108,100,"pending..."
110,John,Chen,JCHEN,515.124.4269,28-SEP-05,FI_ACCOUNT,8200, - ,108,100,"pending..."
111,Ismael,Sciarra,ISCIARRA,515.124.4369,30-SEP-05,FI_ACCOUNT,7700, - ,108,100,"pending..."
112,Jose Manuel,Urman,JMURMAN,515.124.4469,07-MAR-06,FI_ACCOUNT,7800, - ,108,100,"pending..."
113,Luis,Popp,LPOPP,515.124.4567,07-DEC-07,FI_ACCOUNT,6900, - ,108,100,"pending..."
114,Den,Raphaely,DRAPHEAL,515.127.4561,07-DEC-02,PU_MAN,11000, - ,100,30,"responsible areas are: sales, training, coaching"